level,scaled_score,percentile_japan,percentile_overseas,percentile_total,top_percent_total,source
N1,180,99.6,99.4,99.5,0.5,https://www.jlpt.jp/statistics/pdf/2025_2_6.pdf
N1,175,99.4,99.0,99.1,0.9,https://www.jlpt.jp/statistics/pdf/2025_2_6.pdf
N1,170,99.0,98.3,98.6,1.4,https://www.jlpt.jp/statistics/pdf/2025_2_6.pdf
N1,165,98.5,97.6,97.9,2.1,https://www.jlpt.jp/statistics/pdf/2025_2_6.pdf
N1,160,98.0,96.7,97.2,2.8,https://www.jlpt.jp/statistics/pdf/2025_2_6.pdf
N1,155,97.4,95.7,96.4,3.6,https://www.jlpt.jp/statistics/pdf/2025_2_6.pdf
N1,150,96.7,94.6,95.4,4.6,https://www.jlpt.jp/statistics/pdf/2025_2_6.pdf
N1,145,95.8,93.4,94.3,5.7,https://www.jlpt.jp/statistics/pdf/2025_2_6.pdf
N1,140,94.9,92.0,93.1,6.9,https://www.jlpt.jp/statistics/pdf/2025_2_6.pdf
N1,135,93.7,90.3,91.6,8.4,https://www.jlpt.jp/statistics/pdf/2025_2_6.pdf
N1,130,92.3,88.3,89.8,10.2,https://www.jlpt.jp/statistics/pdf/2025_2_6.pdf
N1,125,90.5,85.9,87.7,12.3,https://www.jlpt.jp/statistics/pdf/2025_2_6.pdf
N1,120,88.4,83.2,85.2,14.8,https://www.jlpt.jp/statistics/pdf/2025_2_6.pdf
N1,115,85.6,80.0,82.2,17.8,https://www.jlpt.jp/statistics/pdf/2025_2_6.pdf
N1,110,82.2,76.2,78.5,21.5,https://www.jlpt.jp/statistics/pdf/2025_2_6.pdf
N1,105,77.7,71.7,74.1,25.9,https://www.jlpt.jp/statistics/pdf/2025_2_6.pdf
N1,100,72.4,66.6,68.8,31.2,https://www.jlpt.jp/statistics/pdf/2025_2_6.pdf
N1,95,66.0,60.6,62.7,37.3,https://www.jlpt.jp/statistics/pdf/2025_2_6.pdf
N1,90,58.6,53.9,55.8,44.2,https://www.jlpt.jp/statistics/pdf/2025_2_6.pdf
N1,85,50.7,46.9,48.4,51.6,https://www.jlpt.jp/statistics/pdf/2025_2_6.pdf
N1,80,42.4,39.6,40.7,59.3,https://www.jlpt.jp/statistics/pdf/2025_2_6.pdf
N1,75,34.2,32.5,33.1,66.9,https://www.jlpt.jp/statistics/pdf/2025_2_6.pdf
N1,70,26.3,25.7,26.0,74.0,https://www.jlpt.jp/statistics/pdf/2025_2_6.pdf
N1,65,19.3,19.6,19.5,80.5,https://www.jlpt.jp/statistics/pdf/2025_2_6.pdf
N1,60,13.3,14.2,13.9,86.1,https://www.jlpt.jp/statistics/pdf/2025_2_6.pdf
N1,55,8.7,9.8,9.3,90.7,https://www.jlpt.jp/statistics/pdf/2025_2_6.pdf
N1,50,5.2,6.4,5.9,94.1,https://www.jlpt.jp/statistics/pdf/2025_2_6.pdf
N1,45,2.9,3.9,3.5,96.5,https://www.jlpt.jp/statistics/pdf/2025_2_6.pdf
N1,40,1.5,2.1,1.9,98.1,https://www.jlpt.jp/statistics/pdf/2025_2_6.pdf
N1,35,0.6,1.1,0.9,99.1,https://www.jlpt.jp/statistics/pdf/2025_2_6.pdf
N1,30,0.2,0.4,0.4,99.6,https://www.jlpt.jp/statistics/pdf/2025_2_6.pdf
N1,25,0.1,0.2,0.1,99.9,https://www.jlpt.jp/statistics/pdf/2025_2_6.pdf
N1,20,0.0,0.1,0.0,100.0,https://www.jlpt.jp/statistics/pdf/2025_2_6.pdf
N1,15,0.0,0.0,0.0,100.0,https://www.jlpt.jp/statistics/pdf/2025_2_6.pdf
N1,10,0.0,0.0,0.0,100.0,https://www.jlpt.jp/statistics/pdf/2025_2_6.pdf
N1,5,0.0,0.0,0.0,100.0,https://www.jlpt.jp/statistics/pdf/2025_2_6.pdf
N1,0,0.0,0.0,0.0,100.0,https://www.jlpt.jp/statistics/pdf/2025_2_6.pdf
N2,180,99.9,99.6,99.8,0.2,https://www.jlpt.jp/statistics/pdf/2025_2_6.pdf
N2,175,99.9,99.3,99.6,0.4,https://www.jlpt.jp/statistics/pdf/2025_2_6.pdf
N2,170,99.8,98.9,99.3,0.7,https://www.jlpt.jp/statistics/pdf/2025_2_6.pdf
N2,165,99.6,98.3,98.9,1.1,https://www.jlpt.jp/statistics/pdf/2025_2_6.pdf
N2,160,99.4,97.6,98.4,1.6,https://www.jlpt.jp/statistics/pdf/2025_2_6.pdf
N2,155,99.2,96.9,97.9,2.1,https://www.jlpt.jp/statistics/pdf/2025_2_6.pdf
N2,150,98.9,95.9,97.2,2.8,https://www.jlpt.jp/statistics/pdf/2025_2_6.pdf
N2,145,98.5,94.9,96.5,3.5,https://www.jlpt.jp/statistics/pdf/2025_2_6.pdf
N2,140,98.0,93.7,95.6,4.4,https://www.jlpt.jp/statistics/pdf/2025_2_6.pdf
N2,135,97.4,92.2,94.5,5.5,https://www.jlpt.jp/statistics/pdf/2025_2_6.pdf
N2,130,96.6,90.5,93.2,6.8,https://www.jlpt.jp/statistics/pdf/2025_2_6.pdf
N2,125,95.6,88.5,91.6,8.4,https://www.jlpt.jp/statistics/pdf/2025_2_6.pdf
N2,120,94.2,86.1,89.6,10.4,https://www.jlpt.jp/statistics/pdf/2025_2_6.pdf
N2,115,92.3,83.2,87.2,12.8,https://www.jlpt.jp/statistics/pdf/2025_2_6.pdf
N2,110,89.8,79.7,84.1,15.9,https://www.jlpt.jp/statistics/pdf/2025_2_6.pdf
N2,105,86.4,75.5,80.3,19.7,https://www.jlpt.jp/statistics/pdf/2025_2_6.pdf
N2,100,81.9,70.5,75.5,24.5,https://www.jlpt.jp/statistics/pdf/2025_2_6.pdf
N2,95,75.9,64.6,69.6,30.4,https://www.jlpt.jp/statistics/pdf/2025_2_6.pdf
N2,90,68.6,57.6,62.4,37.6,https://www.jlpt.jp/statistics/pdf/2025_2_6.pdf
N2,85,59.7,49.8,54.1,45.9,https://www.jlpt.jp/statistics/pdf/2025_2_6.pdf
N2,80,49.8,41.4,45.1,54.9,https://www.jlpt.jp/statistics/pdf/2025_2_6.pdf
N2,75,39.4,32.8,35.7,64.3,https://www.jlpt.jp/statistics/pdf/2025_2_6.pdf
N2,70,29.2,24.5,26.6,73.4,https://www.jlpt.jp/statistics/pdf/2025_2_6.pdf
N2,65,20.2,17.2,18.5,81.5,https://www.jlpt.jp/statistics/pdf/2025_2_6.pdf
N2,60,12.9,11.2,12.0,88.0,https://www.jlpt.jp/statistics/pdf/2025_2_6.pdf
N2,55,7.6,6.7,7.1,92.9,https://www.jlpt.jp/statistics/pdf/2025_2_6.pdf
N2,50,4.1,3.7,3.9,96.1,https://www.jlpt.jp/statistics/pdf/2025_2_6.pdf
N2,45,2.0,1.8,1.9,98.1,https://www.jlpt.jp/statistics/pdf/2025_2_6.pdf
N2,40,0.9,0.8,0.9,99.1,https://www.jlpt.jp/statistics/pdf/2025_2_6.pdf
N2,35,0.4,0.3,0.3,99.7,https://www.jlpt.jp/statistics/pdf/2025_2_6.pdf
N2,30,0.1,0.1,0.1,99.9,https://www.jlpt.jp/statistics/pdf/2025_2_6.pdf
N2,25,0.1,0.0,0.1,99.9,https://www.jlpt.jp/statistics/pdf/2025_2_6.pdf
N2,20,0.0,0.0,0.0,100.0,https://www.jlpt.jp/statistics/pdf/2025_2_6.pdf
N2,15,0.0,0.0,0.0,100.0,https://www.jlpt.jp/statistics/pdf/2025_2_6.pdf
N2,10,0.0,0.0,0.0,100.0,https://www.jlpt.jp/statistics/pdf/2025_2_6.pdf
N2,5,0.0,0.0,0.0,100.0,https://www.jlpt.jp/statistics/pdf/2025_2_6.pdf
N2,0,0.0,0.0,0.0,100.0,https://www.jlpt.jp/statistics/pdf/2025_2_6.pdf
N3,180,100.0,99.7,99.8,0.2,https://www.jlpt.jp/statistics/pdf/2025_2_6.pdf
N3,175,99.9,99.4,99.6,0.4,https://www.jlpt.jp/statistics/pdf/2025_2_6.pdf
N3,170,99.8,98.8,99.3,0.7,https://www.jlpt.jp/statistics/pdf/2025_2_6.pdf
N3,165,99.7,98.2,98.9,1.1,https://www.jlpt.jp/statistics/pdf/2025_2_6.pdf
N3,160,99.5,97.3,98.4,1.6,https://www.jlpt.jp/statistics/pdf/2025_2_6.pdf
N3,155,99.3,96.4,97.9,2.1,https://www.jlpt.jp/statistics/pdf/2025_2_6.pdf
N3,150,98.9,95.4,97.1,2.9,https://www.jlpt.jp/statistics/pdf/2025_2_6.pdf
N3,145,98.4,94.2,96.3,3.7,https://www.jlpt.jp/statistics/pdf/2025_2_6.pdf
N3,140,97.8,92.7,95.3,4.7,https://www.jlpt.jp/statistics/pdf/2025_2_6.pdf
N3,135,97.0,91.1,94.1,5.9,https://www.jlpt.jp/statistics/pdf/2025_2_6.pdf
N3,130,95.9,89.2,92.6,7.4,https://www.jlpt.jp/statistics/pdf/2025_2_6.pdf
N3,125,94.4,86.9,90.7,9.3,https://www.jlpt.jp/statistics/pdf/2025_2_6.pdf
N3,120,92.3,84.2,88.3,11.7,https://www.jlpt.jp/statistics/pdf/2025_2_6.pdf
N3,115,89.4,81.0,85.2,14.8,https://www.jlpt.jp/statistics/pdf/2025_2_6.pdf
N3,110,85.6,77.1,81.3,18.7,https://www.jlpt.jp/statistics/pdf/2025_2_6.pdf
N3,105,80.5,72.3,76.4,23.6,https://www.jlpt.jp/statistics/pdf/2025_2_6.pdf
N3,100,73.9,66.7,70.3,29.7,https://www.jlpt.jp/statistics/pdf/2025_2_6.pdf
N3,95,65.7,60.2,63.0,37.0,https://www.jlpt.jp/statistics/pdf/2025_2_6.pdf
N3,90,56.1,52.8,54.4,45.6,https://www.jlpt.jp/statistics/pdf/2025_2_6.pdf
N3,85,45.5,44.6,45.1,54.9,https://www.jlpt.jp/statistics/pdf/2025_2_6.pdf
N3,80,34.8,36.1,35.5,64.5,https://www.jlpt.jp/statistics/pdf/2025_2_6.pdf
N3,75,24.8,27.7,26.2,73.8,https://www.jlpt.jp/statistics/pdf/2025_2_6.pdf
N3,70,16.3,19.7,18.0,82.0,https://www.jlpt.jp/statistics/pdf/2025_2_6.pdf
N3,65,9.8,12.7,11.3,88.7,https://www.jlpt.jp/statistics/pdf/2025_2_6.pdf
N3,60,5.3,7.3,6.3,93.7,https://www.jlpt.jp/statistics/pdf/2025_2_6.pdf
N3,55,2.6,3.7,3.1,96.9,https://www.jlpt.jp/statistics/pdf/2025_2_6.pdf
N3,50,1.1,1.6,1.4,98.6,https://www.jlpt.jp/statistics/pdf/2025_2_6.pdf
N3,45,0.5,0.6,0.6,99.4,https://www.jlpt.jp/statistics/pdf/2025_2_6.pdf
N3,40,0.2,0.2,0.2,99.8,https://www.jlpt.jp/statistics/pdf/2025_2_6.pdf
N3,35,0.1,0.1,0.1,99.9,https://www.jlpt.jp/statistics/pdf/2025_2_6.pdf
N3,30,0.1,0.0,0.0,100.0,https://www.jlpt.jp/statistics/pdf/2025_2_6.pdf
N3,25,0.0,0.0,0.0,100.0,https://www.jlpt.jp/statistics/pdf/2025_2_6.pdf
N3,20,0.0,0.0,0.0,100.0,https://www.jlpt.jp/statistics/pdf/2025_2_6.pdf
N3,15,0.0,0.0,0.0,100.0,https://www.jlpt.jp/statistics/pdf/2025_2_6.pdf
N3,10,0.0,0.0,0.0,100.0,https://www.jlpt.jp/statistics/pdf/2025_2_6.pdf
N3,5,0.0,0.0,0.0,100.0,https://www.jlpt.jp/statistics/pdf/2025_2_6.pdf
N3,0,0.0,0.0,0.0,100.0,https://www.jlpt.jp/statistics/pdf/2025_2_6.pdf
N4,180,99.9,99.7,99.8,0.2,https://www.jlpt.jp/statistics/pdf/2025_2_6.pdf
N4,175,99.8,99.6,99.7,0.3,https://www.jlpt.jp/statistics/pdf/2025_2_6.pdf
N4,170,99.7,99.3,99.5,0.5,https://www.jlpt.jp/statistics/pdf/2025_2_6.pdf
N4,165,99.6,98.9,99.2,0.8,https://www.jlpt.jp/statistics/pdf/2025_2_6.pdf
N4,160,99.4,98.4,98.8,1.2,https://www.jlpt.jp/statistics/pdf/2025_2_6.pdf
N4,155,99.1,97.8,98.3,1.7,https://www.jlpt.jp/statistics/pdf/2025_2_6.pdf
N4,150,98.8,97.1,97.7,2.3,https://www.jlpt.jp/statistics/pdf/2025_2_6.pdf
N4,145,98.3,96.3,97.1,2.9,https://www.jlpt.jp/statistics/pdf/2025_2_6.pdf
N4,140,97.7,95.4,96.3,3.7,https://www.jlpt.jp/statistics/pdf/2025_2_6.pdf
N4,135,96.9,94.2,95.2,4.8,https://www.jlpt.jp/statistics/pdf/2025_2_6.pdf
N4,130,95.8,92.8,93.9,6.1,https://www.jlpt.jp/statistics/pdf/2025_2_6.pdf
N4,125,94.3,90.9,92.2,7.8,https://www.jlpt.jp/statistics/pdf/2025_2_6.pdf
N4,120,92.3,88.8,90.1,9.9,https://www.jlpt.jp/statistics/pdf/2025_2_6.pdf
N4,115,89.7,86.1,87.5,12.5,https://www.jlpt.jp/statistics/pdf/2025_2_6.pdf
N4,110,86.3,82.9,84.2,15.8,https://www.jlpt.jp/statistics/pdf/2025_2_6.pdf
N4,105,81.9,79.1,80.2,19.8,https://www.jlpt.jp/statistics/pdf/2025_2_6.pdf
N4,100,76.4,74.6,75.3,24.7,https://www.jlpt.jp/statistics/pdf/2025_2_6.pdf
N4,95,69.8,69.4,69.6,30.4,https://www.jlpt.jp/statistics/pdf/2025_2_6.pdf
N4,90,62.2,63.6,63.0,37.0,https://www.jlpt.jp/statistics/pdf/2025_2_6.pdf
N4,85,53.7,57.1,55.8,44.2,https://www.jlpt.jp/statistics/pdf/2025_2_6.pdf
N4,80,44.8,50.0,48.0,52.0,https://www.jlpt.jp/statistics/pdf/2025_2_6.pdf
N4,75,35.8,42.8,40.1,59.9,https://www.jlpt.jp/statistics/pdf/2025_2_6.pdf
N4,70,27.4,35.4,32.3,67.7,https://www.jlpt.jp/statistics/pdf/2025_2_6.pdf
N4,65,19.8,28.0,24.9,75.1,https://www.jlpt.jp/statistics/pdf/2025_2_6.pdf
N4,60,13.3,21.1,18.2,81.8,https://www.jlpt.jp/statistics/pdf/2025_2_6.pdf
N4,55,8.2,14.8,12.3,87.7,https://www.jlpt.jp/statistics/pdf/2025_2_6.pdf
N4,50,4.6,9.2,7.5,92.5,https://www.jlpt.jp/statistics/pdf/2025_2_6.pdf
N4,45,2.3,5.0,4.0,96.0,https://www.jlpt.jp/statistics/pdf/2025_2_6.pdf
N4,40,1.1,2.3,1.8,98.2,https://www.jlpt.jp/statistics/pdf/2025_2_6.pdf
N4,35,0.5,0.9,0.7,99.3,https://www.jlpt.jp/statistics/pdf/2025_2_6.pdf
N4,30,0.3,0.3,0.3,99.7,https://www.jlpt.jp/statistics/pdf/2025_2_6.pdf
N4,25,0.1,0.1,0.1,99.9,https://www.jlpt.jp/statistics/pdf/2025_2_6.pdf
N4,20,0.1,0.1,0.1,99.9,https://www.jlpt.jp/statistics/pdf/2025_2_6.pdf
N4,15,0.1,0.0,0.0,100.0,https://www.jlpt.jp/statistics/pdf/2025_2_6.pdf
N4,10,0.1,0.0,0.0,100.0,https://www.jlpt.jp/statistics/pdf/2025_2_6.pdf
N4,5,0.1,0.0,0.0,100.0,https://www.jlpt.jp/statistics/pdf/2025_2_6.pdf
N4,0,0.0,0.0,0.0,100.0,https://www.jlpt.jp/statistics/pdf/2025_2_6.pdf
N5,180,99.7,99.7,99.7,0.3,https://www.jlpt.jp/statistics/pdf/2025_2_6.pdf
N5,175,99.6,99.6,99.6,0.4,https://www.jlpt.jp/statistics/pdf/2025_2_6.pdf
N5,170,99.4,99.3,99.3,0.7,https://www.jlpt.jp/statistics/pdf/2025_2_6.pdf
N5,165,99.0,99.0,99.0,1.0,https://www.jlpt.jp/statistics/pdf/2025_2_6.pdf
N5,160,98.5,98.4,98.4,1.6,https://www.jlpt.jp/statistics/pdf/2025_2_6.pdf
N5,155,97.9,97.8,97.8,2.2,https://www.jlpt.jp/statistics/pdf/2025_2_6.pdf
N5,150,97.2,97.2,97.2,2.8,https://www.jlpt.jp/statistics/pdf/2025_2_6.pdf
N5,145,96.4,96.5,96.5,3.5,https://www.jlpt.jp/statistics/pdf/2025_2_6.pdf
N5,140,95.4,95.6,95.6,4.4,https://www.jlpt.jp/statistics/pdf/2025_2_6.pdf
N5,135,93.9,94.5,94.5,5.5,https://www.jlpt.jp/statistics/pdf/2025_2_6.pdf
N5,130,92.2,93.2,93.1,6.9,https://www.jlpt.jp/statistics/pdf/2025_2_6.pdf
N5,125,90.0,91.5,91.4,8.6,https://www.jlpt.jp/statistics/pdf/2025_2_6.pdf
N5,120,87.4,89.5,89.3,10.7,https://www.jlpt.jp/statistics/pdf/2025_2_6.pdf
N5,115,84.2,87.0,86.8,13.2,https://www.jlpt.jp/statistics/pdf/2025_2_6.pdf
N5,110,80.3,83.9,83.7,16.3,https://www.jlpt.jp/statistics/pdf/2025_2_6.pdf
N5,105,75.6,80.2,79.9,20.1,https://www.jlpt.jp/statistics/pdf/2025_2_6.pdf
N5,100,70.1,75.8,75.5,24.5,https://www.jlpt.jp/statistics/pdf/2025_2_6.pdf
N5,95,63.9,70.7,70.3,29.7,https://www.jlpt.jp/statistics/pdf/2025_2_6.pdf
N5,90,56.9,64.8,64.3,35.7,https://www.jlpt.jp/statistics/pdf/2025_2_6.pdf
N5,85,49.1,58.1,57.5,42.5,https://www.jlpt.jp/statistics/pdf/2025_2_6.pdf
N5,80,40.9,50.9,50.2,49.8,https://www.jlpt.jp/statistics/pdf/2025_2_6.pdf
N5,75,32.9,43.3,42.6,57.4,https://www.jlpt.jp/statistics/pdf/2025_2_6.pdf
N5,70,25.3,35.7,35.0,65.0,https://www.jlpt.jp/statistics/pdf/2025_2_6.pdf
N5,65,18.5,28.4,27.7,72.3,https://www.jlpt.jp/statistics/pdf/2025_2_6.pdf
N5,60,12.7,21.5,20.9,79.1,https://www.jlpt.jp/statistics/pdf/2025_2_6.pdf
N5,55,8.4,15.1,14.7,85.3,https://www.jlpt.jp/statistics/pdf/2025_2_6.pdf
N5,50,5.1,9.4,9.1,90.9,https://www.jlpt.jp/statistics/pdf/2025_2_6.pdf
N5,45,2.8,4.9,4.8,95.2,https://www.jlpt.jp/statistics/pdf/2025_2_6.pdf
N5,40,1.4,2.1,2.1,97.9,https://www.jlpt.jp/statistics/pdf/2025_2_6.pdf
N5,35,0.8,0.8,0.8,99.2,https://www.jlpt.jp/statistics/pdf/2025_2_6.pdf
N5,30,0.5,0.3,0.3,99.7,https://www.jlpt.jp/statistics/pdf/2025_2_6.pdf
N5,25,0.4,0.1,0.1,99.9,https://www.jlpt.jp/statistics/pdf/2025_2_6.pdf
N5,20,0.3,0.1,0.1,99.9,https://www.jlpt.jp/statistics/pdf/2025_2_6.pdf
N5,15,0.2,0.0,0.0,100.0,https://www.jlpt.jp/statistics/pdf/2025_2_6.pdf
N5,10,0.2,0.0,0.0,100.0,https://www.jlpt.jp/statistics/pdf/2025_2_6.pdf
N5,5,0.2,0.0,0.0,100.0,https://www.jlpt.jp/statistics/pdf/2025_2_6.pdf
N5,0,0.0,0.0,0.0,100.0,https://www.jlpt.jp/statistics/pdf/2025_2_6.pdf
